<?xml version="1.0" encoding="UTF-8"?>
<!DOCTYPE suite SYSTEM "https://testng.org/testng-1.0.dtd">
<suite name="Suite" verbose ="5">
  <test thread-count="5" name="Test">
    <classes>
      <class name="com.leafBot.testcases.TC001_LoginLogOut"/>
      <class name="com.leafBot.testcases.TC002_LoginForFailure"/>
      <class name="com.leafBot.testcases.TC003_CreateLead"/>
      <class name="com.leafBot.testcases.TC004_EditLead"/>
      <class name="com.leafBot.testcases.TC005_DeleteLead"/>
      <class name="com.leafBot.testcases.TC006_DuplicateLead"/>
      <class name="com.leafBot.testcases.TC007_MergeLead"/>
    </classes>
  </test> <!-- Test -->
</suite> <!-- Suite -->
